{
  "license": "CC BY-ND 4.0 (This package is covered by the 'License.rtf' in the 'extra' folder)",
  "file_hash": null,
  "name": "Orchid",
  "version": "260.1.0.7765",
  "description": "Orchid is a solution designed for use in the Dynamo environment. The solution is designed to support practical, technical, logical, and mathematical issues.\n\n---\nSoftware environment: Built for Dynamo +2.5.0 and Revit +2021.\n\nHistory of Orchid:\nPlease see 'License.rtf' in the 'extra' folder or on the github repository.\n\n---\nMore information: Contact @erfajo at https://github.com/erfajo/OrchidForDynamo",
  "group": "Orchid",
  "keywords": [ "orchid", "erfajo", "practical", "technical", "logic", "mathematical", "BIM", "element", "project", "family", "type", "instance" ],
  "dependencies": [],
  "contents": "",
  "engine_version": "2.5.0.7432",
  "engine": "dynamo",
  "engine_metadata": "",
  "site_url": "https://github.com/erfajo/OrchidForDynamo",
  "repository_url": "https://github.com/erfajo/OrchidForDynamo",
  "contains_binaries": true,
  "node_libraries": [
    "OrchidCB, Version=260.1.0.7765, Culture=neutral, PublicKeyToken=null",
    "OrchidCE, Version=260.1.0.7765, Culture=neutral, PublicKeyToken=null"
  ]
}