{
  "license": "CC BY-ND 4.0 (This package is covered by the 'License.rtf' in the 'extra' folder)",
  "file_hash": null,
  "name": "Orchid",
  "version": "134.7.0.7729",
  "description": "Orchid is a solution designed for use in the Dynamo environment. The solution is designed to support practical, technical, logical, and mathematical issues.\n\n---\nSoftware environment: Built for Dynamo +1.3.0 and Revit +2018.\n\nHistory of Orchid:\nPlease see 'License.rtf' in the 'extra' folder or on the github repository.\n\n---\nMore information: Contact @erfajo at https://github.com/erfajo/OrchidForDynamo",
  "group": "Orchid",
  "keywords": [ "orchid", "erfajo", "practical", "technical", "logic", "mathematical", "BIM", "element", "project", "family", "type", "instance" ],
  "dependencies": [],
  "contents": "",
  "engine_version": "1.3.4.6116",
  "engine": "dynamo",
  "engine_metadata": "",
  "site_url": "https://github.com/erfajo/OrchidForDynamo",
  "repository_url": "https://github.com/erfajo/OrchidForDynamo",
  "contains_binaries": true,
  "node_libraries": [
    "OrchidRB, Version=134.7.0.7729, Culture=neutral, PublicKeyToken=null",
    "OrchidRE, Version=134.7.0.7729, Culture=neutral, PublicKeyToken=null",
    "OrchidIB, Version=134.7.0.7729, Culture=neutral, PublicKeyToken=null",
    "OrchidIE, Version=134.7.0.7729, Culture=neutral, PublicKeyToken=null",
    "OrchidSigma, Version=134.7.0.7729, Culture=neutral, PublicKeyToken=null"
  ]
}